iso,country_name,year,region,state_legit,rule_of_law,gov_effectiveness,gdp,donor,sids
AFG,Afghanistan,2006,South Asia,1.6999999999999993,-1.863189,-1.430343,0.353720597,0,0
ARM,Armenia,2006,Central and West Asia,3,-0.5464354,-0.2545792,2.697018983,0,0
AUS,Australia,2006,Oceania,9,1.77004,1.711956,50.94822497,1,0
AZE,Azerbaijan,2006,Central and West Asia,1.9000000000000004,-0.8850427,-0.6535253000000001,3.501041807,0,0
BGD,Bangladesh,2006,South Asia,1,-0.9039655000000001,-0.8245271000000001,0.8094736327000001,0,0
BTN,Bhutan,2006,South Asia,1.5999999999999996,0.1937875,0.2366175,1.572462107,0,0
CHN,People's Republic of China,2006,East Asia,1.5,-0.6394754,0.0704749,3.800759082,1,0
GEO,Georgia,2006,Central and West Asia,2.3,-0.46390459999999994,-0.2444875,2.563543091,0,0
IDN,Indonesia,2006,Southeast Asia,3.3,-0.7190338000000001,-0.3315875,2.289422012,1,0
IND,India,2006,South Asia,5.2,0.17733110000000002,-0.0983199,1.0146276410000001,1,0
JPN,Japan,2006,East Asia,8.2,1.363448,1.589435,33.53151856,1,0
KAZ,Kazakhstan,2006,Central and West Asia,2.5,-1.015587,-0.4263095,7.837629145,1,0
KGZ,Kyrgyz Republic,2006,Central and West Asia,1.6999999999999993,-1.313625,-0.8058546999999999,0.8371337991000001,0,0
KHM,Cambodia,2006,Southeast Asia,2.2,-1.234537,-0.9666379999999999,0.7596475657999999,0,0
KOR,Republic of Korea,2006,East Asia,6.1,0.8714591999999999,1.045397,22.192185119999998,1,0
LAO,Lao People's Democratic Republic,2006,Southeast Asia,2.0999999999999996,-1.01524,-0.9770249,1.252693903,0,0
LKA,Sri Lanka,2006,South Asia,1.4000000000000004,0.1753448,-0.1612208,2.39843236,0,0
MMR,Myanmar,2006,Southeast Asia,0.8000000000000007,-1.533385,-1.453449,0.6099960293,0,0
MNG,Mongolia,2006,East Asia,3.8,-0.3195785,-0.4841076,2.216922881,0,0
MYS,Malaysia,2006,Southeast Asia,4.1,0.4673473,1.267115,7.531364872,1,0
NPL,Nepal,2006,South Asia,0.8000000000000007,-0.6230243000000001,-0.9054664000000001,0.6306874562,0,0
NZL,New Zealand,2006,Oceania,9,1.8082220000000002,1.5878809999999999,35.637607239999994,1,0
PAK,Pakistan,2006,South Asia,1.5,-0.8564096,-0.375228,1.216555531,0,0
PHL,Philippines,2006,Southeast Asia,2.2,-0.4109581,-0.13134690000000002,2.1493299379999997,0,0
PNG,Papua New Guinea,2006,Oceania,2.2,-0.8270267,-0.7484823,1.9442962329999998,0,1
SGP,Singapore,2006,Southeast Asia,6.5,1.586578,2.2124740000000003,44.08229215,1,1
THA,Thailand,2006,Southeast Asia,3.2,-0.055772699999999995,0.4517170999999999,4.603752447,1,0
TJK,Tajikistan,2006,Central and West Asia,1.0999999999999996,-1.178524,-1.057266,0.6619430058999999,0,0
TKM,Turkmenistan,2006,Central and West Asia,0.9000000000000004,-1.640511,-1.52604,3.056916879,0,0
UZB,Uzbekistan,2006,Central and West Asia,0.6999999999999993,-1.446826,-1.155262,1.6562225929999999,0,0
VNM,Viet Nam,2006,Southeast Asia,3,-0.5208681,-0.2475519,1.3495636979999999,0,0
AFG,Afghanistan,2007,South Asia,1.1999999999999993,-1.829666,-1.403352,0.3927104656,0,0
ARM,Armenia,2007,Central and West Asia,3.5,-0.49837650000000006,-0.3758438,3.0933693399999997,0,0
AUS,Australia,2007,Oceania,9,1.761237,1.825559,52.53897558,1,0
AZE,Azerbaijan,2007,Central and West Asia,2.2,-0.87931,-0.7891765000000001,4.326961571,0,0
BGD,Bangladesh,2007,South Asia,1,-0.8267857,-0.7045036,0.8560459472000002,0,0
BRN,Brunei Darussalam,2007,Southeast Asia,2.3,0.4125388,0.9243966,35.064866699999996,1,0
BTN,Bhutan,2007,South Asia,2,0.33852129999999997,0.2958726,1.840271602,0,0
CHN,People's Republic of China,2007,East Asia,1.5,-0.5422143,0.18277770000000002,4.319023768999999,1,0
FJI,Fiji,2007,Oceania,1,-0.6009281999999999,-0.4322089,4.534882858,0,1
FSM,Federated States of Micronesia,2007,Oceania,3.0999999999999996,0.6169169,-0.7275328000000001,3.0129471039999998,0,1
GEO,Georgia,2007,Central and West Asia,2.0999999999999996,-0.346999,0.11057260000000001,2.9011040940000004,0,0
IDN,Indonesia,2007,Southeast Asia,3.5,-0.6814666,-0.27719570000000004,2.402667542,1,0
IND,India,2007,South Asia,5.2,0.0937817,0.12190539999999998,1.0759940869999998,1,0
JPN,Japan,2007,East Asia,8.2,1.335137,1.447718,33.990036030000006,1,0
KAZ,Kazakhstan,2007,Central and West Asia,2.5,-0.9477491,-0.5798956999999999,8.438104645,1,0
KGZ,Kyrgyz Republic,2007,Central and West Asia,1.8000000000000007,-1.318499,-0.7781291,0.9000255139000001,0,0
KHM,Cambodia,2007,Southeast Asia,1.5,-1.142244,-0.9037987,0.8248493502,0,0
KOR,Republic of Korea,2007,East Asia,6.1,1.0291489999999999,1.2368370000000002,23.360905740000003,1,0
LAO,Lao People's Democratic Republic,2007,Southeast Asia,2.0999999999999996,-0.9570118000000001,-0.8988742000000001,1.325441644,0,0
LKA,Sri Lanka,2007,South Asia,1.0999999999999996,0.1295962,-0.084295899999999993,2.542593553,0,0
MDV,Maldives,2007,South Asia,2.0999999999999996,-0.1642235,0.07503989999999999,8.534904232999999,0,1
MMR,Myanmar,2007,Southeast Asia,0.9000000000000004,-1.547747,-1.480536,0.6818170593,0,0
MNG,Mongolia,2007,East Asia,4,-0.34744359999999996,-0.5388252,2.411166549,0,0
MYS,Malaysia,2007,Southeast Asia,4.1,0.43770529999999996,1.238987,7.8504265349999995,1,0
NPL,Nepal,2007,South Asia,1.5,-0.5932156,-0.7107469,0.6443944018,0,0
NZL,New Zealand,2007,Oceania,8.9,1.8445650000000002,1.6643259999999998,36.375782810000004,1,0
PAK,Pakistan,2007,South Asia,1.3000000000000007,-0.8870074,-0.47945600000000005,1.246579612,0,0
PHL,Philippines,2007,Southeast Asia,1.8000000000000007,-0.46422060000000004,0.0731165,2.250609385,0,0
PNG,Papua New Guinea,2007,Oceania,2.2,-0.8580711999999999,-0.6539661,2.046488498,0,1
SGP,Singapore,2007,Southeast Asia,6.4,1.612359,2.375459,46.09842873,1,1
SLB,Solomon Islands,2007,Oceania,1.5,-0.7863566999999999,-1.078741,1.910480958,0,1
THA,Thailand,2007,Southeast Asia,2,-0.1189613,0.36148259999999993,4.826871477000001,1,0
TJK,Tajikistan,2007,Central and West Asia,1,-1.292668,-1.110595,0.6994219212,0,0
TKM,Turkmenistan,2007,Central and West Asia,1,-1.5719100000000001,-1.4318,3.353144774,0,0
TLS,Timor-Leste,2007,Southeast Asia,0.5,-1.192855,-1.1319059999999999,0.9326149467,0,1
UZB,Uzbekistan,2007,Central and West Asia,0.8000000000000007,-1.221515,-1.113672,1.7874902129999999,0,0
VNM,Viet Nam,2007,Southeast Asia,3,-0.49249030000000005,-0.24051039999999999,1.4322058140000002,0,0
WSM,Samoa,2007,Oceania,3.3,0.8886780000000001,0.20268470000000002,4.31496396,0,1
AFG,Afghanistan,2008,South Asia,0.8000000000000007,-1.86438,-1.496089,0.3989711165,0,0
ARM,Armenia,2008,Central and West Asia,3.5,-0.34052659999999996,-0.17269389999999998,3.335244164,0,0
AUS,Australia,2008,Oceania,9,1.7708509999999997,1.79397,53.33860278,1,0
AZE,Azerbaijan,2008,Central and West Asia,1.9000000000000004,-0.8324519,-0.7735335,4.692912192,0,0
BGD,Bangladesh,2008,South Asia,0.9000000000000004,-0.7501396,-0.7324244000000001,0.8971890238,0,0
BRN,Brunei Darussalam,2008,Southeast Asia,2.3,0.46514920000000004,0.8885025,33.981337030000006,1,0
BTN,Bhutan,2008,South Asia,2.3,0.3841602,0.28258540000000004,1.9092459059999998,0,0
CHN,People's Republic of China,2008,East Asia,1.6999999999999993,-0.41979740000000004,0.150768,4.711635127,1,0
FJI,Fiji,2008,Oceania,1.3000000000000007,-0.5614722,-0.7335429,4.532013247,0,1
FSM,Federated States of Micronesia,2008,Oceania,3.0999999999999996,0.341098,-0.7258899999999999,2.965738151,0,1
GEO,Georgia,2008,Central and West Asia,1.5999999999999996,-0.2673092,0.2967184,2.9803095350000004,0,0
IDN,Indonesia,2008,Southeast Asia,3.2,-0.6538706,-0.2372018,2.513671592,1,0
IND,India,2008,South Asia,5.2,0.08603889999999999,-0.019193900000000003,1.0930765509999998,1,0
JPN,Japan,2008,East Asia,8.2,1.318866,1.460432,33.5576454,1,0
KAZ,Kazakhstan,2008,Central and West Asia,2.3,-0.8240984,-0.46157070000000006,8.554823573,1,0
KGZ,Kyrgyz Republic,2008,Central and West Asia,1.5999999999999996,-1.3715629999999999,-0.7883915,0.9664153604000001,0,0
KHM,Cambodia,2008,Southeast Asia,1.6999999999999993,-1.148304,-0.9887551,0.8671214601,0,0
KOR,Republic of Korea,2008,East Asia,6.1,0.8808925,1.0509899999999999,23.8827305,1,0
LAO,Lao People's Democratic Republic,2008,Southeast Asia,1.8000000000000007,-0.8692254,-0.8755752,1.405123505,0,0
LKA,Sri Lanka,2008,South Asia,0.8000000000000007,-0.011843799999999998,-0.1228165,2.674746321,0,0
MDV,Maldives,2008,South Asia,2.4000000000000004,-0.1847449,-0.22930860000000003,9.119296448000002,0,1
MMR,Myanmar,2008,Southeast Asia,0.5,-1.541819,-1.530751,0.7526491477,0,0
MNG,Mongolia,2008,East Asia,4,-0.3458996,-0.5280833,2.587777933,0,0
MYS,Malaysia,2008,Southeast Asia,4.1,0.3449331,1.108519,8.073934416,1,0
NPL,Nepal,2008,South Asia,1.6999999999999993,-0.6734937,-0.8005978,0.6764507099,0,0
NZL,New Zealand,2008,Oceania,8.9,1.862746,1.6780869999999999,35.666190199999996,1,0
PAK,Pakistan,2008,South Asia,0.5,-0.968671,-0.7237100999999999,1.239420494,0,0
PHL,Philippines,2008,Southeast Asia,1.6999999999999993,-0.5456504,0.016421,2.309726212,0,0
PNG,Papua New Guinea,2008,Oceania,2.2,-0.9159881,-0.6948548000000001,1.991372961,0,1
SGP,Singapore,2008,Southeast Asia,6,1.606087,2.436975,44.52602174,1,1
SLB,Solomon Islands,2008,Oceania,1.3000000000000007,-0.6368995,-0.9970134,1.9763151440000002,0,1
THA,Thailand,2008,Southeast Asia,2.3,-0.1402466,0.2205064,4.884417785,1,0
TJK,Tajikistan,2008,Central and West Asia,0.8000000000000007,-1.285771,-1.072905,0.7392625749999999,0,0
TKM,Turkmenistan,2008,Central and West Asia,1.3000000000000007,-1.471751,-1.424742,3.794922165,0,0
TLS,Timor-Leste,2008,Southeast Asia,1,-1.046781,-1.047847,1.0201040080000001,0,1
UZB,Uzbekistan,2008,Central and West Asia,0.6999999999999993,-1.166035,-0.8726988000000001,1.9178493719999998,0,0
VNM,Viet Nam,2008,Southeast Asia,2.8,-0.4651269,-0.2121504,1.4988383650000001,0,0
WSM,Samoa,2008,Oceania,3.3,0.7890798000000001,0.16404860000000002,4.329372926,0,1
AFG,Afghanistan,2009,South Asia,0.1999999999999993,-1.8470919999999997,-1.483899,0.4728422916,0,0
ARM,Armenia,2009,Central and West Asia,2.9000000000000004,-0.47585200000000005,-0.029734800000000002,2.88433947,0,0
AUS,Australia,2009,Oceania,8.6,1.740398,1.705787,53.22595104,1,0
AZE,Azerbaijan,2009,Central and West Asia,1.8000000000000007,-0.8799943000000001,-0.6581194,5.023790764999999,0,0
BGD,Bangladesh,2009,South Asia,1.5,-0.7855525999999999,-0.7912479,0.9319865061,0,0
BRN,Brunei Darussalam,2009,Southeast Asia,2.0999999999999996,0.7886911,0.9180716999999998,32.99182358,1,0
BTN,Bhutan,2009,South Asia,2.5999999999999996,0.21322080000000002,0.49482029999999994,2.017903478,0,0
CHN,People's Republic of China,2009,East Asia,1.5,-0.4070508,0.0938044,5.128895067999999,1,0
FJI,Fiji,2009,Oceania,1.4000000000000004,-0.7710723,-0.9101736999999999,4.4258480239999995,0,1
FSM,Federated States of Micronesia,2009,Oceania,3.4000000000000004,0.041141000000000004,-0.7092258,3.014985957,0,1
GEO,Georgia,2009,Central and West Asia,1,-0.20492770000000002,0.2873248,2.897130877,0,0
IDN,Indonesia,2009,Southeast Asia,3.3,-0.6026188,-0.2981317,2.595298759,1,0
IND,India,2009,South Asia,4.5,0.013824000000000001,-0.012421399999999999,1.162498808,1,0
JPN,Japan,2009,East Asia,8,1.293836,1.454036,31.651083769999996,1,0
KAZ,Kazakhstan,2009,Central and West Asia,2.3,-0.6456799,-0.39152070000000005,8.48754483,1,0
KGZ,Kyrgyz Republic,2009,Central and West Asia,1.6999999999999993,-1.325342,-0.9648597,0.9823771732000002,0,0
KHM,Cambodia,2009,Southeast Asia,1.5,-1.118063,-0.9450983000000001,0.8549557547000001,0,0
KOR,Republic of Korea,2009,East Asia,5.9,0.9937183,1.094725,23.948472239999997,1,0
LAO,Lao People's Democratic Republic,2009,Southeast Asia,1.8000000000000007,-1.0534629999999998,-0.9469504000000001,1.485476562,0,0
LKA,Sri Lanka,2009,South Asia,1,-0.10709980000000001,-0.14818910000000002,2.7502019059999996,0,0
MDV,Maldives,2009,South Asia,2.8,-0.1897115,-0.44025169999999997,8.222044459000001,0,1
MMR,Myanmar,2009,Southeast Asia,0.5,-1.531916,-1.614053,0.8256948861000001,0,0
MNG,Mongolia,2009,East Asia,3.3,-0.2607741,-0.6674091999999999,2.514916555,0,0
MYS,Malaysia,2009,Southeast Asia,3.9000000000000004,0.45596809999999993,0.983706,7.808658007999999,1,0
NPL,Nepal,2009,South Asia,2,-0.8600230999999999,-0.9502964,0.7014083396,0,0
NZL,New Zealand,2009,Oceania,8.9,1.9303119999999998,1.8518400000000002,35.26367132,1,0
PAK,Pakistan,2009,South Asia,0.9000000000000004,-0.8310665,-0.8008026,1.246367912,0,0
PHL,Philippines,2009,Southeast Asia,1.5,-0.5705019,-0.0265842,2.304836545,0,0
PNG,Papua New Guinea,2009,Oceania,2.3,-0.8916238000000001,-0.7391810000000001,2.076615061,0,1
SGP,Singapore,2009,Southeast Asia,6,1.5660049999999999,2.270797,43.2554559,1,1
SLB,Solomon Islands,2009,Oceania,1.6999999999999993,-0.6806033,-1.099491,1.980355223,0,1
THA,Thailand,2009,Southeast Asia,1.8000000000000007,-0.2301871,0.267293,4.826321427000001,1,0
TJK,Tajikistan,2009,Central and West Asia,1.0999999999999996,-1.2677200000000002,-1.106588,0.7519463107000001,0,0
TKM,Turkmenistan,2009,Central and West Asia,1.5,-1.4700469999999999,-1.445099,3.9683730070000003,0,0
TLS,Timor-Leste,2009,Southeast Asia,0.5999999999999996,-1.1861030000000001,-1.171952,1.103863055,0,1
UZB,Uzbekistan,2009,Central and West Asia,1,-1.321667,-0.6254953000000001,2.037581498,0,0
VNM,Viet Nam,2009,Southeast Asia,2.7,-0.5400581999999999,-0.2552605,1.564347486,0,0
WSM,Samoa,2009,Oceania,3.4000000000000004,0.6391839,0.030528899999999998,4.092554482,0,1
AFG,Afghanistan,2010,South Asia,0,-1.8454270000000002,-1.454611,0.5261036755999999,0,0
ARM,Armenia,2010,Central and West Asia,3.4000000000000004,-0.488626,-0.1839135,2.958838999,0,0
AUS,Australia,2010,Oceania,8.5,1.7649869999999999,1.768468,53.542833720000004,1,0
AZE,Azerbaijan,2010,Central and West Asia,2,-0.8930393,-0.8069345,5.215020912,0,0
BGD,Bangladesh,2010,South Asia,2,-0.8029215999999999,-0.7356406999999999,0.9729096877000001,0,0
BRN,Brunei Darussalam,2010,Southeast Asia,2.3,0.7792174,0.9017023000000001,33.43712173,1,0
BTN,Bhutan,2010,South Asia,3.0999999999999996,0.1618841,0.5844976,2.235322677,0,0
CHN,People's Republic of China,2010,East Asia,1.6999999999999993,-0.40990190000000004,0.08854830000000001,5.6470587519999995,1,0
FJI,Fiji,2010,Oceania,1.0999999999999996,-0.8484084999999999,-0.7242482,4.5238662640000005,0,1
FSM,Federated States of Micronesia,2010,Oceania,3.4000000000000004,-0.1015308,-0.8025251,3.0847539100000003,0,1
GEO,Georgia,2010,Central and West Asia,1,-0.2096013,0.3091346,3.1007234269999997,0,0
IDN,Indonesia,2010,Southeast Asia,3.0999999999999996,-0.6399844,-0.2143717,2.7201916219999998,1,0
IND,India,2010,South Asia,4.2,-0.0373795,0.0258973,1.2443660159999999,1,0
JPN,Japan,2010,East Asia,8.2,1.3263909999999999,1.527408,32.94220208,1,0
KAZ,Kazakhstan,2010,Central and West Asia,2.5,-0.6158918999999999,-0.4361446,8.979332284,1,0
KGZ,Kyrgyz Republic,2010,Central and West Asia,1.5999999999999996,-1.266846,-0.6517149999999999,0.9661507300000001,0,0
KHM,Cambodia,2010,Southeast Asia,1.3000000000000007,-1.118496,-0.9429736999999999,0.8921004421000001,0,0
KOR,Republic of Korea,2010,East Asia,6.1,1.0038989999999999,1.204439,25.45100416,1,0
LAO,Lao People's Democratic Republic,2010,Southeast Asia,1.6999999999999993,-0.9797619000000001,-0.8600155999999999,1.5862029300000002,0,0
LKA,Sri Lanka,2010,South Asia,1.4000000000000004,-0.1214751,-0.1950748,2.950390721,0,0
MDV,Maldives,2010,South Asia,2.7,-0.3370196,-0.20719829999999997,8.521838104999999,0,1
MMR,Myanmar,2010,Southeast Asia,0.40000000000000036,-1.547695,-1.61781,0.9025418710000002,0,0
MNG,Mongolia,2010,East Asia,3.8,-0.3602034,-0.572001,2.629648326,0,0
MYS,Malaysia,2010,Southeast Asia,4.1,0.47818140000000003,1.1203020000000001,8.247782262000001,1,0
NPL,Nepal,2010,South Asia,1.9000000000000004,-0.9518496,-0.8735381999999999,0.7316618132999999,0,0
NZL,New Zealand,2010,Oceania,9,1.869271,1.8164040000000001,35.406676749999995,1,0
PAK,Pakistan,2010,South Asia,1.0999999999999996,-0.7387066,-0.7658636999999999,1.238873484,0,0
PHL,Philippines,2010,Southeast Asia,1.4000000000000004,-0.5525689,0.0014643,2.433008524,0,0
PNG,Papua New Guinea,2010,Oceania,2.2,-0.9091606,-0.7185656,2.235096323,0,1
SGP,Singapore,2010,Southeast Asia,5.8,1.6259620000000001,2.2410650000000003,48.66857662,1,1
SLB,Solomon Islands,2010,Oceania,1.9000000000000004,-0.6517897,-0.9544448,2.0993308170000002,0,1
THA,Thailand,2010,Southeast Asia,2,-0.2046878,0.18764909999999999,5.163597664,1,0
TJK,Tajikistan,2010,Central and West Asia,1.0999999999999996,-1.209445,-0.9184213,0.7835193787000001,0,0
TKM,Turkmenistan,2010,Central and West Asia,1.5999999999999996,-1.487252,-1.563445,4.265948601,0,0
TLS,Timor-Leste,2010,Southeast Asia,0.9000000000000004,-1.167089,-1.224391,1.185623103,0,1
UZB,Uzbekistan,2010,Central and West Asia,1.5,-1.41596,-0.7137956999999999,2.131357731,0,0
VNM,Viet Nam,2010,Southeast Asia,2.7,-0.5913824000000001,-0.2591993,1.6482618,0,0
WSM,Samoa,2010,Oceania,3.5999999999999996,0.6666054,-0.0391048,4.080918359,0,1
AFG,Afghanistan,2011,South Asia,0.3000000000000007,-1.8965459999999998,-1.448444,0.5119985148,0,0
ARM,Armenia,2011,Central and West Asia,3.4000000000000004,-0.4409416,-0.12899059999999998,3.098742304,0,0
AUS,Australia,2011,Oceania,8.4,1.742514,1.695814,54.108111060000006,1,0
AZE,Azerbaijan,2011,Central and West Asia,2.3,-0.8936627,-0.7651435999999999,5.152657444,0,0
BGD,Bangladesh,2011,South Asia,2,-0.7323930999999999,-0.7552108000000001,1.024021957,0,0
BRN,Brunei Darussalam,2011,Southeast Asia,2.3,0.8499598,0.8969321,34.244206899999995,1,0
BTN,Bhutan,2011,South Asia,3.4000000000000004,0.1955945,0.6325497,2.3866211109999997,0,0
CHN,People's Republic of China,2011,East Asia,2.0999999999999996,-0.46481000000000006,0.0881574,6.152686005,1,0
FJI,Fiji,2011,Oceania,1.4000000000000004,-0.8244902,-0.7061993000000001,4.626683325,0,1
FSM,Federated States of Micronesia,2011,Oceania,3.7,-0.0612899,-0.7549848000000001,3.166743858,0,1
GEO,Georgia,2011,Central and West Asia,1.5999999999999996,-0.1242663,0.5535932,3.356997868,0,0
IDN,Indonesia,2011,Southeast Asia,3.3,-0.5929989,-0.25944839999999997,2.8493549849999997,1,0
IND,India,2011,South Asia,4.2,-0.0906831,0.0059228,1.2928212060000002,1,0
JPN,Japan,2011,East Asia,8,1.311966,1.4725469999999998,33.01113423,1,0
KAZ,Kazakhstan,2011,Central and West Asia,2.8,-0.5734760999999999,-0.40985420000000006,9.506734053,1,0
KGZ,Kyrgyz Republic,2011,Central and West Asia,1,-1.19029,-0.6379873,1.0113155289999998,0,0
KHM,Cambodia,2011,Southeast Asia,1.5,-1.0449899999999999,-0.8627386999999999,0.9401118195,0,0
KOR,Republic of Korea,2011,East Asia,6.3,1.025932,1.252658,26.18689754,1,0
LAO,Lao People's Democratic Republic,2011,Southeast Asia,2,-1.000485,-0.8338406999999999,1.687147369,0,0
LKA,Sri Lanka,2011,South Asia,1.5,-0.1222856,-0.1114646,3.176920341,0,0
MDV,Maldives,2011,South Asia,2.5999999999999996,-0.5539944,-0.3059395,8.892911397,0,1
MMR,Myanmar,2011,Southeast Asia,0.3000000000000007,-1.438391,-1.596782,0.9629954521999999,0,0
MNG,Mongolia,2011,East Asia,4.1,-0.2670228,-0.5857348000000001,3.0281616600000003,0,0
MYS,Malaysia,2011,Southeast Asia,4,0.4786735,1.021066,8.550154638,1,0
NPL,Nepal,2011,South Asia,2.0999999999999996,-0.8866997,-0.9025426999999999,0.7559141323999999,0,0
NZL,New Zealand,2011,Oceania,8.9,1.90442,1.877416,35.93070084,1,0
PAK,Pakistan,2011,South Asia,1.4000000000000004,-0.9018267,-0.817893,1.245737437,0,0
PHL,Philippines,2011,Southeast Asia,1.6999999999999993,-0.5110275,0.0902608,2.484489204,0,0
PNG,Papua New Guinea,2011,Oceania,2.5,-0.8055715999999999,-0.7111115,2.210952146,0,1
SGP,Singapore,2011,Southeast Asia,6.1,1.66993,2.154623,50.685296199999996,1,1
SLB,Solomon Islands,2011,Oceania,2.0999999999999996,-0.5232059,-0.8646513000000001,2.195183955,0,1
THA,Thailand,2011,Southeast Asia,1.5999999999999996,-0.2038983,0.2058027,5.1820423689999995,1,0
TJK,Tajikistan,2011,Central and West Asia,1.0999999999999996,-1.22634,-0.9482636000000001,0.8229032077,0,0
TKM,Turkmenistan,2011,Central and West Asia,1.5999999999999996,-1.456832,-1.603811,4.810896165999999,0,0
TLS,Timor-Leste,2011,Southeast Asia,1.1999999999999993,-1.175452,-1.153561,1.234078226,0,1
UZB,Uzbekistan,2011,Central and West Asia,1.5999999999999996,-1.445755,-0.6850357,2.2310527239999995,0,0
VNM,Viet Nam,2011,Southeast Asia,2.5,-0.5448651999999999,-0.232533,1.7333112850000003,0,0
WSM,Samoa,2011,Oceania,3.8,0.6886985999999999,-0.009481100000000001,4.213825349,0,1
AFG,Afghanistan,2012,South Asia,0.5,-1.6430810000000002,-1.360196,0.5579496921,0,0
ARM,Armenia,2012,Central and West Asia,3.2,-0.4178914000000001,-0.042368800000000005,3.312980008,0,0
AUS,Australia,2012,Oceania,8.7,1.7668580000000003,1.62129,55.254606210000006,1,0
AZE,Azerbaijan,2012,Central and West Asia,2,-0.8344684000000001,-0.7827144,5.194738377,0,0
BGD,Bangladesh,2012,South Asia,1.8000000000000007,-0.9292566999999999,-0.804239,1.078287546,0,0
BRN,Brunei Darussalam,2012,Southeast Asia,2.5999999999999996,0.7930172,0.8434001,34.09690756,1,0
BTN,Bhutan,2012,South Asia,3.7,0.23630210000000001,0.5124978,2.4791517229999998,0,0
CHN,People's Republic of China,2012,East Asia,2.0999999999999996,-0.5428619,0.0233264,6.591650851,1,0
FJI,Fiji,2012,Oceania,1.1999999999999993,-0.7911764,-0.8380788,4.683226283,0,1
FSM,Federated States of Micronesia,2012,Oceania,3.7,-0.015527200000000001,-0.6433704,3.0761654050000002,0,1
GEO,Georgia,2012,Central and West Asia,1.5,-0.0145602,0.6057203,3.597203764,0,0
IDN,Indonesia,2012,Southeast Asia,3.3,-0.5756522,-0.27300100000000005,2.98061011,1,0
IND,India,2012,South Asia,4.5,-0.0719577,-0.17104460000000002,1.3466759099999999,1,0
JPN,Japan,2012,East Asia,7.5,1.357793,1.415494,33.51844494,1,0
KAZ,Kazakhstan,2012,Central and West Asia,2.5,-0.6845781999999999,-0.4403299,9.823693897,1,0
KGZ,Kyrgyz Republic,2012,Central and West Asia,1.3000000000000007,-1.129424,-0.649578,0.9937374232999999,0,0
KHM,Cambodia,2012,Southeast Asia,1.8000000000000007,-0.9796243,-0.8159052,0.9925498342,0,0
KOR,Republic of Korea,2012,East Asia,6.8,0.9841591000000001,1.1991969999999998,26.675440169999998,1,0
LAO,Lao People's Democratic Republic,2012,Southeast Asia,1.6999999999999993,-0.8515941999999999,-0.8377884,1.7951376309999998,0,0
LKA,Sri Lanka,2012,South Asia,1.9000000000000004,-0.12236960000000001,-0.20762460000000002,3.462936684,0,0
MDV,Maldives,2012,South Asia,2.0999999999999996,-0.5417812,-0.2152527,8.732629171,0,1
MMR,Myanmar,2012,Southeast Asia,0.5999999999999996,-1.354667,-1.481443,1.017014364,0,0
MNG,Mongolia,2012,East Asia,4.4,-0.3754402,-0.6362302,3.335793592,0,0
MYS,Malaysia,2012,Southeast Asia,3.5,0.4650094,0.9197366,8.888702521999999,1,0
NPL,Nepal,2012,South Asia,2,-0.735665,-0.9827667,0.7909881496000001,0,0
NZL,New Zealand,2012,Oceania,9.2,1.8904849999999997,1.8008520000000001,36.53493666,1,0
PAK,Pakistan,2012,South Asia,1.6999999999999993,-0.8841760000000001,-0.7780076,1.262299215,0,0
PHL,Philippines,2012,Southeast Asia,2.0999999999999996,-0.5231332999999999,0.10808920000000001,2.610967768,0,0
PNG,Papua New Guinea,2012,Oceania,2.4000000000000004,-0.8362243,-0.7407335999999999,2.265764413,0,1
SGP,Singapore,2012,Southeast Asia,6.5,1.7310990000000002,2.165925,51.6634924,1,1
SLB,Solomon Islands,2012,Oceania,2.4000000000000004,-0.5399753,-0.8060813,2.1775409870000004,0,1
THA,Thailand,2012,Southeast Asia,3.5,-0.1510798,0.2245758,5.531349018999999,1,0
TJK,Tajikistan,2012,Central and West Asia,1.1999999999999993,-1.20035,-0.9312043999999999,0.8647004429999999,0,0
TKM,Turkmenistan,2012,Central and West Asia,1,-1.402587,-1.257159,5.249704149,0,0
TLS,Timor-Leste,2012,Southeast Asia,1.5,-1.1448639999999999,-1.180872,1.271304649,0,1
UZB,Uzbekistan,2012,Central and West Asia,1.3000000000000007,-1.290145,-0.9106965,2.354593655,0,0
VNM,Viet Nam,2012,Southeast Asia,2.5,-0.5515664,-0.2699399,1.8053611699999998,0,0
WSM,Samoa,2012,Oceania,4,0.6759908,-0.0191277,4.007084965,0,1
AFG,Afghanistan,2013,South Asia,0.5999999999999996,-1.597348,-1.385382,0.5689645435,0,0
ARM,Armenia,2013,Central and West Asia,3.4000000000000004,-0.34427209999999997,0.0688658,3.406536118,0,0
AUS,Australia,2013,Oceania,9,1.7785349999999998,1.6400549999999998,55.72394823,1,0
AZE,Azerbaijan,2013,Central and West Asia,1.8000000000000007,-0.7239093000000001,-0.4752991,5.425905285,0,0
BGD,Bangladesh,2013,South Asia,1.6999999999999993,-0.8668659,-0.7941526,1.129993548,0,0
BRN,Brunei Darussalam,2013,Southeast Asia,2.5999999999999996,0.5945292,0.8697968,32.924990030000004,1,0
BTN,Bhutan,2013,South Asia,4,0.2902508,0.40037209999999995,2.500864512,0,0
CHN,People's Republic of China,2013,East Asia,1.9000000000000004,-0.5246463,0.0034887,7.056410626999999,1,0
FJI,Fiji,2013,Oceania,1.1999999999999993,-0.8230026,-0.8437901,4.90189758,0,1
FSM,Federated States of Micronesia,2013,Oceania,3.7,0.0652919,-0.5713716999999999,2.923359712,0,1
GEO,Georgia,2013,Central and West Asia,1.4000000000000004,-0.0060284,0.5851755999999999,3.7387050399999997,0,0
IDN,Indonesia,2013,Southeast Asia,3.5999999999999996,-0.5308241,-0.19895079999999998,3.104348,1,0
IND,India,2013,South Asia,4.8,-0.057384500000000005,-0.1717331,1.4158287219999999,1,0
JPN,Japan,2013,East Asia,7.8,1.44361,1.618248,34.239886250000005,1,0
KAZ,Kazakhstan,2013,Central and West Asia,2.2,-0.6916572,-0.5330504,10.26429807,1,0
KGZ,Kyrgyz Republic,2013,Central and West Asia,1.5999999999999996,-1.109251,-0.6522024000000001,1.08054823,0,0
KHM,Cambodia,2013,Southeast Asia,1.6999999999999993,-1.0041639999999998,-0.9065329,1.048132495,0,0
KOR,Republic of Korea,2013,East Asia,7.1,0.9537361999999999,1.125629,27.39465031,1,0
LAO,Lao People's Democratic Republic,2013,Southeast Asia,1.4000000000000004,-0.8003266,-0.7303624,1.9105310510000002,0,0
LKA,Sri Lanka,2013,South Asia,1.8000000000000007,-0.2770237,-0.17006,3.5526985590000004,0,0
MDV,Maldives,2013,South Asia,1.6999999999999993,-0.7466669,-0.3224895,8.954556592000001,0,1
MMR,Myanmar,2013,Southeast Asia,1,-1.233859,-1.497578,1.088059541,0,0
MNG,Mongolia,2013,East Asia,4.7,-0.3714384,-0.5487576999999999,3.6506015090000004,0,0
MYS,Malaysia,2013,Southeast Asia,3.8,0.43568500000000004,0.9998574,9.179366821,1,0
NPL,Nepal,2013,South Asia,1.9000000000000004,-0.7181886,-0.9266179,0.8210732055,0,0
NZL,New Zealand,2013,Oceania,9.5,1.8788490000000002,1.758012,37.23266132,1,0
PAK,Pakistan,2013,South Asia,1.5999999999999996,-0.856865,-0.7921309,1.290368627,0,0
PHL,Philippines,2013,Southeast Asia,2.4000000000000004,-0.403449,0.118351,2.740456489,0,0
PNG,Papua New Guinea,2013,Oceania,2.9000000000000004,-0.9475831,-0.663309,2.304891636,0,1
SGP,Singapore,2013,Southeast Asia,6.8,1.7054209999999999,2.089236,53.292613270000004,1,1
SLB,Solomon Islands,2013,Oceania,2.7,-0.5256075,-0.8241681000000001,2.232352768,0,1
THA,Thailand,2013,Southeast Asia,3.8,-0.12059949999999998,0.2478922,5.65428542,1,0
TJK,Tajikistan,2013,Central and West Asia,0.9000000000000004,-1.252659,-1.0588309999999999,0.9073781037,0,0
TKM,Turkmenistan,2013,Central and West Asia,0.6999999999999993,-1.386706,-1.2823120000000001,5.679019268999999,0,0
TLS,Timor-Leste,2013,Southeast Asia,2,-1.2085,-1.231673,1.2872636380000002,0,1
UZB,Uzbekistan,2013,Central and West Asia,1,-1.226715,-0.9140524999999999,2.487244416,0,0
VNM,Viet Nam,2013,Southeast Asia,2.2,-0.5148515,-0.26585970000000003,1.883308537,0,0
WSM,Samoa,2013,Oceania,4,0.6832136,0.0244862,3.959383204,0,1
AFG,Afghanistan,2014,South Asia,0.5,-1.445761,-1.332015,0.5651792732999998,0,0
ARM,Armenia,2014,Central and West Asia,3.3,-0.3660013,-0.1984497,3.5112250590000005,0,0
AUS,Australia,2014,Oceania,9,1.9230459999999998,1.607067,56.30597909,1,0
AZE,Azerbaijan,2014,Central and West Asia,1.6999999999999993,-0.6723401999999999,-0.3642464,5.505988236,0,0
BGD,Bangladesh,2014,South Asia,1.5999999999999996,-0.7777678000000001,-0.7662595999999999,1.1848632829999999,0,0
BRN,Brunei Darussalam,2014,Southeast Asia,2.9000000000000004,0.4724531,1.086186,31.678937310000002,1,0
BTN,Bhutan,2014,South Asia,4.5,0.37893140000000003,0.2558368,2.6128862679999996,0,0
CHN,People's Republic of China,2014,East Asia,2.0999999999999996,-0.414574,0.3225908,7.532771995999999,1,0
FJI,Fiji,2014,Oceania,2.2,-0.5115845,-0.36820290000000006,5.171527699,0,1
FSM,Federated States of Micronesia,2014,Oceania,3.7,-0.28102990000000005,-0.49795779999999995,2.815497529,0,1
GEO,Georgia,2014,Central and West Asia,1.3000000000000007,0.190843,0.488922,3.902568799,0,0
IDN,Indonesia,2014,Southeast Asia,3.5,-0.34227609999999997,-0.0375725,3.217317468,1,0
IND,India,2014,South Asia,4.7,-0.06333630000000001,-0.2060476,1.503421507,1,0
JPN,Japan,2014,East Asia,8,1.601478,1.8124770000000001,34.38690586,1,0
KAZ,Kazakhstan,2014,Central and West Asia,2.3,-0.5981513,-0.043055500000000003,10.53904468,1,0
KGZ,Kyrgyz Republic,2014,Central and West Asia,1.8000000000000007,-0.9270171999999999,-0.8659378000000001,1.101705332,0,0
KHM,Cambodia,2014,Southeast Asia,1.5999999999999996,-0.9553155000000001,-0.6894538,1.1047499699999999,0,0
KOR,Republic of Korea,2014,East Asia,7.2,0.9934545,1.164612,28.094917700000003,1,0
LAO,Lao People's Democratic Republic,2014,Southeast Asia,1.4000000000000004,-0.7514609999999999,-0.41575249999999997,2.02547216,0,0
LKA,Sri Lanka,2014,South Asia,1.6999999999999993,-0.17017620000000003,0.053527899999999996,3.694300426,0,0
MDV,Maldives,2014,South Asia,1.5999999999999996,-0.5302707,-0.362095,9.181711739,0,1
MMR,Myanmar,2014,Southeast Asia,0.6999999999999993,-1.185768,-1.279958,1.167630993,0,0
MNG,Mongolia,2014,East Asia,5.2,-0.3448353,-0.43594579999999994,3.8603257229999994,0,0
MYS,Malaysia,2014,Southeast Asia,3.4000000000000004,0.5882153,1.114984,9.601178003000001,1,0
NPL,Nepal,2014,South Asia,2.4000000000000004,-0.649678,-0.8520671000000001,0.8707816903,0,0
NZL,New Zealand,2014,Oceania,9.5,2.0087189999999997,1.932078,38.015929580000005,1,0
PAK,Pakistan,2014,South Asia,1.5,-0.7604407,-0.7555079,1.322720641,0,0
PHL,Philippines,2014,Southeast Asia,2.7,-0.3174057,0.19270410000000002,2.866822056,0,0
PNG,Papua New Guinea,2014,Oceania,3.4000000000000004,-0.8018588000000001,-0.6131731,2.564913845,0,1
SGP,Singapore,2014,Southeast Asia,6.5,1.824715,2.182681,54.67670442,1,1
SLB,Solomon Islands,2014,Oceania,3,-0.5023792,-1.068603,2.195302099,0,1
THA,Thailand,2014,Southeast Asia,2.9000000000000004,-0.1914607,0.3376566,5.685402121,1,0
TJK,Tajikistan,2014,Central and West Asia,1,-1.011117,-0.7831218000000001,0.9455254402999999,0,0
TKM,Turkmenistan,2014,Central and West Asia,0.40000000000000036,-1.364684,-0.8427268,6.149426053999999,0,0
TLS,Timor-Leste,2014,Southeast Asia,2.3,-1.121661,-1.181185,1.321235802,0,1
UZB,Uzbekistan,2014,Central and West Asia,0.6999999999999993,-1.1297700000000002,-0.6288043000000001,2.613748262,0,0
VNM,Viet Nam,2014,Southeast Asia,2,-0.35991409999999996,-0.0708256,1.9750790579999997,0,0
WSM,Samoa,2014,Oceania,4,0.7173196999999999,0.454568,3.930370569,0,1
AFG,Afghanistan,2015,South Asia,0.3000000000000007,-1.504086,-1.3231760000000001,0.5560072209,0,0
ARM,Armenia,2015,Central and West Asia,3,-0.38792990000000005,-0.1610711,3.607289299,0,0
AUS,Australia,2015,Oceania,8.9,1.825073,1.5641909999999999,56.707022079999994,1,0
AZE,Azerbaijan,2015,Central and West Asia,1.4000000000000004,-0.6737632,-0.25762640000000003,5.5003103819999994,0,0
BGD,Bangladesh,2015,South Asia,1.5,-0.7513466999999999,-0.723855,1.24845331,0,0
BRN,Brunei Darussalam,2015,Southeast Asia,2,0.4078772,1.059632,31.164036250000002,1,0
BTN,Bhutan,2015,South Asia,5,0.5222452999999999,0.4060493,2.7526301719999995,0,0
CHN,People's Republic of China,2015,East Asia,2,-0.4098733,0.40757509999999997,8.016431435,1,0
FJI,Fiji,2015,Oceania,2.5999999999999996,-0.40417929999999996,-0.2915429,5.390714207,0,1
FSM,Federated States of Micronesia,2015,Oceania,4,-0.295624,-0.39726009999999995,2.9066170120000003,0,1
GEO,Georgia,2015,Central and West Asia,1.1999999999999993,0.2714227,0.40424140000000003,4.014185943999999,0,0
IDN,Indonesia,2015,Southeast Asia,4.4,-0.4221742,-0.24088009999999999,3.331695115,1,0
IND,India,2015,South Asia,4.8,-0.0474092,0.0900683,1.605605445,1,0
JPN,Japan,2015,East Asia,8.3,1.518585,1.784168,34.96063938,1,0
KAZ,Kazakhstan,2015,Central and West Asia,2,-0.43940740000000006,-0.0735818,10.51077189,1,0
KGZ,Kyrgyz Republic,2015,Central and West Asia,2.2,-0.9893040999999999,-0.9147314000000001,1.121082835,0,0
KHM,Cambodia,2015,Southeast Asia,1.5999999999999996,-0.9785324000000001,-0.6996924,1.1629049949999999,0,0
KOR,Republic of Korea,2015,East Asia,6.7,0.9322705,1.0120770000000001,28.732231080000002,1,0
LAO,Lao People's Democratic Republic,2015,Southeast Asia,1,-0.7987957,-0.5108117,2.140044323,0,0
LKA,Sri Lanka,2015,South Asia,2,0.03723219999999999,-0.0095256,3.843780672,0,0
MDV,Maldives,2015,South Asia,1.5,-0.5763371,-0.3761196,9.033410270000001,0,1
MMR,Myanmar,2015,Southeast Asia,1,-1.236593,-1.238808,1.1967433570000001,0,0
MNG,Mongolia,2015,East Asia,5.5,-0.37986970000000003,-0.41901059999999996,3.8753216750000004,0,0
MYS,Malaysia,2015,Southeast Asia,3.0999999999999996,0.5018220999999999,0.948642,9.955242722,1,0
NPL,Nepal,2015,South Asia,2.9000000000000004,-0.6769010999999999,-1.053868,0.9017496077,0,0
NZL,New Zealand,2015,Oceania,9.5,2.001249,1.884018,38.63072659,1,0
PAK,Pakistan,2015,South Asia,1.4000000000000004,-0.766732,-0.6677569999999999,1.356667831,0,0
PHL,Philippines,2015,Southeast Asia,2.5,-0.3429787,0.1119681,3.001043182,0,0
PNG,Papua New Guinea,2015,Oceania,3.0999999999999996,-0.8693526,-0.6067826999999999,2.679346579,0,1
SGP,Singapore,2015,Southeast Asia,6.2,1.813336,2.2360450000000003,55.64661875,1,1
SLB,Solomon Islands,2015,Oceania,2.7,-0.4862776,-1.024599,2.167119928,0,1
THA,Thailand,2015,Southeast Asia,2,-0.1477922,0.34984390000000004,5.8400530669999995,1,0
TJK,Tajikistan,2015,Central and West Asia,0.9000000000000004,-1.055601,-0.8484808,0.9784049812000001,0,0
TKM,Turkmenistan,2015,Central and West Asia,0.3000000000000007,-1.417884,-0.8507059000000001,6.4326853250000005,0,0
TLS,Timor-Leste,2015,Southeast Asia,2.5999999999999996,-1.121583,-1.0457530000000002,1.332791856,0,1
UZB,Uzbekistan,2015,Central and West Asia,0.40000000000000036,-1.111262,-0.6720676999999999,2.7539710719999997,0,0
VNM,Viet Nam,2015,Southeast Asia,1.9000000000000004,-0.3394253,0.06712699999999999,2.085101349,0,0
WSM,Samoa,2015,Oceania,3.8,0.6983694,0.5082157,4.071926959000001,0,1
AFG,Afghanistan,2016,South Asia,0.9000000000000004,-1.498478,-1.226401,0.5529969077000001,0,0
ARM,Armenia,2016,Central and West Asia,2.8,-0.11923399999999999,-0.15837720000000002,3.601469664,0,0
AUS,Australia,2016,Oceania,9,1.7556669999999999,1.568043,57.3587828,1,0
AZE,Azerbaijan,2016,Central and West Asia,1.0999999999999996,-0.5200193000000001,-0.16581400000000002,5.270552968,0,0
BGD,Bangladesh,2016,South Asia,2,-0.6636689,-0.6787810000000001,1.322694812,0,0
BRN,Brunei Darussalam,2016,Southeast Asia,1.6999999999999993,0.5616808000000001,1.083784,30.03873449,1,0
BTN,Bhutan,2016,South Asia,5.5,0.49347840000000004,0.5002068000000001,2.9406999700000003,0,0
CHN,People's Republic of China,2016,East Asia,1.6999999999999993,-0.33454770000000006,0.35459409999999997,8.516513698999999,1,0
FJI,Fiji,2016,Oceania,2.9000000000000004,-0.27459520000000004,-0.24900129999999998,5.498661935,0,1
FSM,Federated States of Micronesia,2016,Oceania,4.3,-0.050868000000000003,-0.3351288,2.897417594,0,1
GEO,Georgia,2016,Central and West Asia,1.5,0.38362379999999996,0.5179425,4.128385603,0,0
IDN,Indonesia,2016,Southeast Asia,4.7,-0.3448857,0.0074111,3.456928114,1,0
IND,India,2016,South Asia,5.1,-0.0289695,0.0749455,1.7193180760000002,1,0
JPN,Japan,2016,East Asia,8.6,1.421093,1.821532,35.26481336,1,0
KAZ,Kazakhstan,2016,Central and West Asia,2,-0.43523540000000005,-0.0672612,10.47634757,1,0
KGZ,Kyrgyz Republic,2016,Central and West Asia,2.0999999999999996,-1.023083,-0.8957096,1.1461032210000002,0,0
KHM,Cambodia,2016,Southeast Asia,1.5,-1.063893,-0.6942337,1.2242204279999997,0,0
KOR,Republic of Korea,2016,East Asia,6.6,1.160903,1.063653,29.461784010000002,1,0
LAO,Lao People's Democratic Republic,2016,Southeast Asia,0.6999999999999993,-0.7960193,-0.39837340000000004,2.2553118789999997,0,0
LKA,Sri Lanka,2016,South Asia,2.5999999999999996,0.11051789999999999,-0.026391700000000004,3.97210259,0,0
MDV,Maldives,2016,South Asia,1.3000000000000007,-0.4077393,-0.3215832,9.190003254999999,0,1
MMR,Myanmar,2016,Southeast Asia,1.3000000000000007,-0.8871843,-0.9763568000000001,1.3134076300000002,0,0
MNG,Mongolia,2016,East Asia,5.8,-0.22031479999999998,-0.0982263,3.8585151840000003,0,0
MYS,Malaysia,2016,Southeast Asia,2.5999999999999996,0.4991277,0.8654159,10.25804151,1,0
NPL,Nepal,2016,South Asia,2.9000000000000004,-0.795664,-0.8265509,0.8974037880000001,0,0
NZL,New Zealand,2016,Oceania,9.4,1.9546400000000002,1.842496,39.18169283,1,0
PAK,Pakistan,2016,South Asia,1.6999999999999993,-0.8045743000000001,-0.6534616,1.4020878710000002,0,0
PHL,Philippines,2016,Southeast Asia,2.8,-0.35506940000000003,-0.0104617,3.1675024159999996,0,0
PNG,Papua New Guinea,2016,Oceania,3,-0.7766211999999999,-0.7375593,2.770395138,0,1
SGP,Singapore,2016,Southeast Asia,6.1,1.8253979999999999,2.20568,56.757918270000005,1,1
SLB,Solomon Islands,2016,Oceania,3,-0.3190676,-0.9847264000000001,2.234146102,0,1
THA,Thailand,2016,Southeast Asia,2.3,-0.0049648,0.3417524,6.018177484000001,1,0
TJK,Tajikistan,2016,Central and West Asia,0.6999999999999993,-1.148247,-1.0269270000000001,1.020616156,0,0
TKM,Turkmenistan,2016,Central and West Asia,0.1999999999999993,-1.490112,-1.126665,6.714377520999999,0,0
TLS,Timor-Leste,2016,Southeast Asia,2.9000000000000004,-1.158385,-1.014373,1.351924438,0,1
UZB,Uzbekistan,2016,Central and West Asia,0.3000000000000007,-1.107054,-0.5774477,2.867051128,0,0
VNM,Viet Nam,2016,Southeast Asia,1.5999999999999996,0.0752823,0.019475599999999996,2.191819699,0,0
WSM,Samoa,2016,Oceania,4.3,0.7619779999999999,0.5403722,4.379510977,0,1
AFG,Afghanistan,2017,South Asia,0.9000000000000004,-1.562423,-1.325545,0.5533550517000001,0,0
ARM,Armenia,2017,Central and West Asia,2.4000000000000004,-0.1606279,-0.1026952,3.860218058,0,0
AUS,Australia,2017,Oceania,9,1.686461,1.538219,57.69557126,1,0
AZE,Azerbaijan,2017,Central and West Asia,1.1999999999999993,-0.5575179,-0.1726412,5.229526137,0,0
BGD,Bangladesh,2017,South Asia,2.2,-0.6718881,-0.7350984,1.403861692,0,0
BRN,Brunei Darussalam,2017,Southeast Asia,1.6999999999999993,0.6497172,1.146735,30.1015288,1,0
BTN,Bhutan,2017,South Asia,5.7,0.611513,0.5571043000000001,3.040937003,0,0
CHN,People's Republic of China,2017,East Asia,1.4000000000000004,-0.26671090000000003,0.4137717000000001,9.053212733,1,0
FJI,Fiji,2017,Oceania,3.0999999999999996,-0.26470029999999994,0.0698404,5.759658668999999,0,1
FSM,Federated States of Micronesia,2017,Oceania,4.5,-0.0229299,0.0467935,2.941873325,0,1
GEO,Georgia,2017,Central and West Asia,1.6999999999999993,0.32083649999999997,0.5757036999999999,4.327727585000001,0,0
IDN,Indonesia,2017,Southeast Asia,4.9,-0.34967600000000004,0.03837569999999999,3.5897155429999996,1,0
IND,India,2017,South Asia,5.3,-0.0012232999999999999,0.0868715,1.816730876,1,0
JPN,Japan,2017,East Asia,8.8,1.5706200000000001,1.619905,35.91464127,1,0
KAZ,Kazakhstan,2017,Central and West Asia,1.6999999999999993,-0.4140919,0.0036756999999999996,10.75852088,1,0
KGZ,Kyrgyz Republic,2017,Central and West Asia,2.3,-0.9245595,-0.7085057,1.1774387359999998,0,0
KHM,Cambodia,2017,Southeast Asia,1.6999999999999993,-1.053886,-0.6596310000000001,1.289985814,0,0
KOR,Republic of Korea,2017,East Asia,5.6,1.167174,1.075108,30.307395239999998,1,0
LAO,Lao People's Democratic Republic,2017,Southeast Asia,0.9000000000000004,-0.8810804,-0.3854913,2.373597379,0,0
LKA,Sri Lanka,2017,South Asia,3.0999999999999996,0.0484503,-0.1512185,4.067993065,0,0
MDV,Maldives,2017,South Asia,1.5,-0.6224615,-0.46040820000000005,9.437906316000001,0,1
MMR,Myanmar,2017,Southeast Asia,1.4000000000000004,-0.9440181000000001,-1.046625,1.3801528269999999,0,0
MNG,Mongolia,2017,East Asia,6,-0.306502,-0.2675595,4.00083782,0,0
MYS,Malaysia,2017,Southeast Asia,2.3,0.49769709999999995,0.8348416999999999,10.707748299999999,1,0
NPL,Nepal,2017,South Asia,2.5999999999999996,-0.677187,-0.8836535,0.9648977951999999,0,0
NZL,New Zealand,2017,Oceania,9.1,1.927889,1.769038,39.75826432,1,0
PAK,Pakistan,2017,South Asia,1.9000000000000004,-0.7241798,-0.596828,1.4495335150000002,0,0
PHL,Philippines,2017,Southeast Asia,3,-0.41770100000000004,-0.05469690000000001,3.3384415329999997,0,0
PNG,Papua New Guinea,2017,Oceania,3.2,-0.823908,-0.6654483,2.8117974649999997,0,1
SGP,Singapore,2017,Southeast Asia,6.1,1.827708,2.223338,59.271056820000005,1,1
SLB,Solomon Islands,2017,Oceania,3.2,-0.2301479,-1.011195,2.292133554,0,1
THA,Thailand,2017,Southeast Asia,2.5,0.0373115,0.3820223,6.247992078,1,0
TJK,Tajikistan,2017,Central and West Asia,0.9000000000000004,-1.3497379999999999,-1.1075469999999998,1.0664067480000001,0,0
TKM,Turkmenistan,2017,Central and West Asia,0.3000000000000007,-1.481706,-1.214653,7.032457912999999,0,0
TLS,Timor-Leste,2017,Southeast Asia,3.0999999999999996,-1.162094,-0.9976666999999999,1.285139874,0,1
UZB,Uzbekistan,2017,Central and West Asia,0.5,-1.106031,-0.5541742,2.943099222,0,0
VNM,Viet Nam,2017,Southeast Asia,1.6999999999999993,0.0623794,0.0056701,2.317369069,0,0
WSM,Samoa,2017,Oceania,4.5,0.8020398,0.5906206,4.406635495000001,0,1
AFG,Afghanistan,2018,South Asia,0.9000000000000004,-1.6640380000000001,-1.453096,0.5467430101,0,0
ARM,Armenia,2018,Central and West Asia,1.9000000000000004,-0.14945920000000001,-0.0284142,4.051384967,0,0
AUS,Australia,2018,Oceania,9.3,1.715382,1.595232,58.44725265,1,0
AZE,Azerbaijan,2018,Central and West Asia,1.1999999999999993,-0.587534,-0.158052,5.262183804999999,0,0
BGD,Bangladesh,2018,South Asia,2.5,-0.6409807,-0.7402486999999999,1.498387892,0,0
BRN,Brunei Darussalam,2018,Southeast Asia,2,0.6293485,1.251249,29.802782880000002,1,0
BTN,Bhutan,2018,South Asia,6,0.5493638000000001,0.3601472,3.0971483510000004,0,0
CHN,People's Republic of China,2018,East Asia,1.4000000000000004,-0.2028825,0.47927040000000004,9.619192484000001,1,0
FJI,Fiji,2018,Oceania,3.4000000000000004,-0.1363209,0.2850353,5.938427556000001,0,1
FSM,Federated States of Micronesia,2018,Oceania,4.8,-0.0299164,-0.1060019,2.9172422190000002,0,1
GEO,Georgia,2018,Central and West Asia,2,0.3277741,0.611771,4.539087522,0,0
IDN,Indonesia,2018,Southeast Asia,5.2,-0.31549299999999997,0.1805828,3.732867111,1,0
IND,India,2018,South Asia,5.6,0.0256504,0.2842539,1.915435271,1,0
JPN,Japan,2018,East Asia,9.1,1.53421,1.6746009999999998,36.188620029999996,1,0
KAZ,Kazakhstan,2018,Central and West Asia,1.5999999999999996,-0.4295568,0.021726099999999998,11.05336206,1,0
KGZ,Kyrgyz Republic,2018,Central and West Asia,2.5999999999999996,-0.9044658999999999,-0.6072605999999999,1.197610724,0,0
KHM,Cambodia,2018,Southeast Asia,1.5,-1.112072,-0.5602661999999999,1.365829057,0,0
KOR,Republic of Korea,2018,East Asia,6.1,1.236651,1.181159,31.04065545,1,0
LAO,Lao People's Democratic Republic,2018,Southeast Asia,1.0999999999999996,-0.8390376,-0.6694068,2.483161575,0,0
LKA,Sri Lanka,2018,South Asia,3.4000000000000004,0.0257045,-0.232434,4.157283875999999,0,0
MDV,Maldives,2018,South Asia,1.6999999999999993,-0.5461845999999999,-0.4691004,9.82253964,0,1
MMR,Myanmar,2018,Southeast Asia,1.4000000000000004,-1.033026,-1.065393,1.459643006,0,0
MNG,Mongolia,2018,East Asia,6,-0.26737859999999997,-0.22922889999999999,4.233972689,0,0
MYS,Malaysia,2018,Southeast Asia,2.5999999999999996,0.6233432,1.075026,11.07557648,1,0
NPL,Nepal,2018,South Asia,2.9000000000000004,-0.47754179999999996,-0.8982426,1.021331877,0,0
NZL,New Zealand,2018,Oceania,9.4,1.876398,1.669032,40.30436143000001,1,0
PAK,Pakistan,2018,South Asia,2.2,-0.6735412,-0.6311114000000001,1.502891343,0,0
PHL,Philippines,2018,Southeast Asia,2.5,-0.4749934,0.05319310000000001,3.5009337890000003,0,0
PNG,Papua New Guinea,2018,Oceania,3.5,-0.7689355,-0.6704651999999999,2.7491177780000005,0,1
SGP,Singapore,2018,Southeast Asia,6.1,1.8449950000000002,2.230585,61.056584029999996,1,1
SLB,Solomon Islands,2018,Oceania,3.5,-0.23280029999999996,-1.018458,2.321136002,0,1
THA,Thailand,2018,Southeast Asia,2.4000000000000004,0.0227488,0.34788009999999997,6.489257186,1,0
TJK,Tajikistan,2018,Central and West Asia,0.9000000000000004,-1.278814,-1.093717,1.119642848,0,0
TKM,Turkmenistan,2018,Central and West Asia,0.3000000000000007,-1.465324,-1.282505,7.349459106,0,0
TLS,Timor-Leste,2018,Southeast Asia,3.5999999999999996,-1.127586,-0.9660568000000002,1.251426645,0,1
UZB,Uzbekistan,2018,Central and West Asia,0.5,-1.069353,-0.5473399999999999,3.047308384,0,0
VNM,Viet Nam,2018,Southeast Asia,1.6999999999999993,-0.0036923999999999998,-0.0013799,2.4567912240000003,0,0
WSM,Samoa,2018,Oceania,4.8,0.8072889,0.5919284,4.335207381999999,0,1
AFG,Afghanistan,2019,South Asia,1,-1.713714,-1.463065,0.5551389963,0,0
ARM,Armenia,2019,Central and West Asia,2.9000000000000004,-0.13097999999999999,-0.0666463,4.350466198,0,0
AUS,Australia,2019,Oceania,9,1.734473,1.571555,58.78104666,1,0
AZE,Azerbaijan,2019,Central and West Asia,1,-0.5771515,-0.1401703,5.34826526,0,0
BGD,Bangladesh,2019,South Asia,2.4000000000000004,-0.6363772,-0.7402849,1.6039536460000001,0,0
BRN,Brunei Darussalam,2019,Southeast Asia,2.3,0.6143432,1.317982,30.646109250000002,1,0
BTN,Bhutan,2019,South Asia,6.3,0.5903586999999999,0.31243909999999997,3.238060464,0,0
CHN,People's Republic of China,2019,East Asia,1.3000000000000007,-0.2746037,0.5170005999999999,10.15541756,1,0
FJI,Fiji,2019,Oceania,3.7,-0.0251812,0.19961779999999998,5.8690211439999995,0,1
FSM,Federated States of Micronesia,2019,Oceania,5.1,0.0246855,-0.19267820000000002,2.9211458670000003,0,1
GEO,Georgia,2019,Central and West Asia,1.9000000000000004,0.3104377,0.8287399,4.773423309000001,0,0
IDN,Indonesia,2019,Southeast Asia,5.5,-0.3424213,0.18205120000000002,3.8773829770000003,1,0
IND,India,2019,South Asia,5.9,-0.0304647,0.1708809,1.972757821,1,0
JPN,Japan,2019,East Asia,9.1,1.538249,1.586322,36.362357319999994,1,0
KAZ,Kazakhstan,2019,Central and West Asia,1.5,-0.43216940000000004,0.1240962,11.40276011,1,0
KGZ,Kyrgyz Republic,2019,Central and West Asia,2.9000000000000004,-0.8861678,-0.6816201999999999,1.2268244640000001,0,0
KHM,Cambodia,2019,Southeast Asia,1.3000000000000007,-0.9357082,-0.58005,1.441179228,0,0
KOR,Republic of Korea,2019,East Asia,6.4,1.1942780000000002,1.376088,31.67431152,1,0
LAO,Lao People's Democratic Republic,2019,Southeast Asia,1,-0.9408555000000001,-0.7853428000000001,2.5792536609999996,0,0
LKA,Sri Lanka,2019,South Asia,3.0999999999999996,-0.0118801,-0.1143393,4.2251063030000005,0,0
MDV,Maldives,2019,South Asia,1.6999999999999993,-0.4102152,-0.19618020000000003,10.197092840000002,0,1
MMR,Myanmar,2019,Southeast Asia,1.6999999999999993,-1.063034,-1.14944,1.5484566300000002,0,0
MNG,Mongolia,2019,East Asia,5.9,-0.2661898,-0.1954342,4.394988134,0,0
MYS,Malaysia,2019,Southeast Asia,3.0999999999999996,0.5916137,0.9974675999999999,11.4145787,1,0
NPL,Nepal,2019,South Asia,3.4000000000000004,-0.5353846999999999,-1.045521,1.069789098,0,0
NZL,New Zealand,2019,Oceania,9.4,1.885101,1.670557,40.31547098,1,0
PAK,Pakistan,2019,South Asia,2.0999999999999996,-0.6674315,-0.6771356,1.489653604,0,0
PHL,Philippines,2019,Southeast Asia,2.8,-0.4769835,0.0520084,3.6647906700000004,0,0
PNG,Papua New Guinea,2019,Oceania,3.8,-0.8012539000000001,-0.8091748000000001,2.816718774,0,1
SGP,Singapore,2019,Southeast Asia,6.1,1.8789189999999998,2.220709,61.17390477000001,1,1
SLB,Solomon Islands,2019,Oceania,3.8,-0.13920970000000002,-0.9993162,2.289586843,0,1
THA,Thailand,2019,Southeast Asia,2.2,0.1031694,0.35656709999999997,6.617542821999999,1,0
TJK,Tajikistan,2019,Central and West Asia,1,-1.227982,-1.048751,1.174091716,0,0
TKM,Turkmenistan,2019,Central and West Asia,0.3000000000000007,-1.415011,-1.157497,7.692578707,0,0
TLS,Timor-Leste,2019,Southeast Asia,3.9000000000000004,-1.11124,-0.8858545,1.4668148210000003,0,1
UZB,Uzbekistan,2019,Central and West Asia,0.5,-1.0480559999999999,-0.5141266999999999,3.161415381,0,0
VNM,Viet Nam,2019,Southeast Asia,1.5999999999999996,-0.0165804,0.038309699999999995,2.604224166,0,0
WSM,Samoa,2019,Oceania,5.1,1.0792979999999999,0.43515410000000004,4.502926351,0,1
AFG,Afghanistan,2020,South Asia,1,-1.807697,-1.523115,0.5297412103,0,0
ARM,Armenia,2020,Central and West Asia,3.4000000000000004,-0.08322310000000001,-0.12423610000000002,4.021046264,0,0
AUS,Australia,2020,Oceania,9.3,1.651188,1.619163,58.043580659999996,1,0
AZE,Azerbaijan,2020,Central and West Asia,0.9000000000000004,-0.6910434,-0.1702325,5.083381639000001,0,0
BGD,Bangladesh,2020,South Asia,2.7,-0.5731801999999999,-0.7878783,1.6436733099999998,0,0
BRN,Brunei Darussalam,2020,Southeast Asia,2.5999999999999996,0.9311345,1.4384270000000001,30.69687715,1,0
BTN,Bhutan,2020,South Asia,6.6,0.5941438,0.37318629999999997,2.8796386190000005,0,0
CHN,People's Republic of China,2020,East Asia,1.1999999999999993,-0.059588699999999994,0.6479592,10.37035929,1,0
FJI,Fiji,2020,Oceania,4,0.10978260000000001,0.3018749,4.9110834709999995,0,1
FSM,Federated States of Micronesia,2020,Oceania,5.4,0.09005089999999999,-0.0826501,2.839388103,0,1
GEO,Georgia,2020,Central and West Asia,1.5,0.2859657,0.787501,4.458102011,0,0
IDN,Indonesia,2020,Southeast Asia,5.8,-0.33874440000000006,0.3691624,3.756907174,1,0
IND,India,2020,South Asia,6,-0.0177096,0.3865438,1.8116842379999998,1,0
JPN,Japan,2020,East Asia,9.4,1.5251370000000002,1.596166,34.81321561,1,0
KAZ,Kazakhstan,2020,Central and West Asia,1.5,-0.39614279999999996,0.1555083,10.974963670000001,1,0
KGZ,Kyrgyz Republic,2020,Central and West Asia,3.2,-0.9265747999999999,-0.5401577,1.0980853640000001,0,0
KHM,Cambodia,2020,Southeast Asia,1.5999999999999996,-0.9458001,-0.4194071,1.3764120269999998,0,0
KOR,Republic of Korea,2020,East Asia,6.7,1.183163,1.415869,31.361083869999998,1,0
LAO,Lao People's Democratic Republic,2020,Southeast Asia,1,-0.8496245000000001,-0.7660104999999999,2.554425463,0,0
LKA,Sri Lanka,2020,South Asia,3.4000000000000004,-0.0452499,-0.07021010000000001,4.052746934,0,0
MDV,Maldives,2020,South Asia,2.2,-0.33304720000000004,-0.1140211,6.660833299,0,1
MMR,Myanmar,2020,Southeast Asia,2,-1.17882,-0.9965181000000001,1.5869023199999999,0,0
MNG,Mongolia,2020,East Asia,6.2,-0.263761,-0.3437614,4.126699124,0,0
MYS,Malaysia,2020,Southeast Asia,3.4000000000000004,0.6586787,1.041389,10.631507390000001,1,0
NPL,Nepal,2020,South Asia,3.7,-0.49097029999999997,-0.9444261,1.028463277,0,0
NZL,New Zealand,2020,Oceania,9.5,1.8833669999999998,1.5894059999999999,40.21839102,1,0
PAK,Pakistan,2020,South Asia,2.4000000000000004,-0.6917597,-0.5459959,1.4468119769999999,0,0
PHL,Philippines,2020,Southeast Asia,2.7,-0.5518214,0.0608745,3.269670767,0,0
PNG,Papua New Guinea,2020,Oceania,4,-0.7197714,-0.8467313,2.6662112550000003,0,1
SGP,Singapore,2020,Southeast Asia,6.2,1.880382,2.3353,58.05680642000001,1,1
SLB,Solomon Islands,2020,Oceania,4.1,-0.09954160000000001,-0.9127187,2.136337563,0,1
THA,Thailand,2020,Southeast Asia,2.4000000000000004,0.1213088,0.30070050000000004,6.198414269,1,0
TJK,Tajikistan,2020,Central and West Asia,1,-1.217985,-0.7100464,1.1990598890000002,0,0
TKM,Turkmenistan,2020,Central and West Asia,0.3000000000000007,-1.406723,-1.1575030000000002,NA,0,0
TLS,Timor-Leste,2020,Southeast Asia,4.2,-1.172515,-0.80157,1.587857159,0,1
UZB,Uzbekistan,2020,Central and West Asia,0.5999999999999996,-1.062817,-0.507029,3.154408224,0,0
VNM,Viet Nam,2020,Southeast Asia,1.6999999999999993,-0.133932,0.20030770000000003,2.655767774,0,0
WSM,Samoa,2020,Oceania,5.4,0.8797514000000001,0.5234683,4.357068633,0,1
AFG,Afghanistan,2021,South Asia,1.3000000000000007,NA,NA,NA,0,0
ARM,Armenia,2021,Central and West Asia,3.0999999999999996,NA,NA,NA,0,0
AUS,Australia,2021,Oceania,9.5,NA,NA,NA,1,0
AZE,Azerbaijan,2021,Central and West Asia,0.9000000000000004,NA,NA,NA,0,0
BGD,Bangladesh,2021,South Asia,2.5999999999999996,NA,NA,NA,0,0
BRN,Brunei Darussalam,2021,Southeast Asia,2.9000000000000004,NA,NA,NA,1,0
BTN,Bhutan,2021,South Asia,6.9,NA,NA,NA,0,0
CHN,People's Republic of China,2021,East Asia,1.5,NA,NA,NA,1,0
FJI,Fiji,2021,Oceania,4.3,NA,NA,NA,0,1
FSM,Federated States of Micronesia,2021,Oceania,5.7,NA,NA,NA,0,1
GEO,Georgia,2021,Central and West Asia,1.8000000000000007,NA,NA,NA,0,0
IDN,Indonesia,2021,Southeast Asia,5.6,NA,NA,NA,1,0
IND,India,2021,South Asia,5.7,NA,NA,NA,1,0
JPN,Japan,2021,East Asia,9.5,NA,NA,NA,1,0
KAZ,Kazakhstan,2021,Central and West Asia,1.8000000000000007,NA,NA,NA,1,0
KGZ,Kyrgyz Republic,2021,Central and West Asia,2,NA,NA,NA,0,0
KHM,Cambodia,2021,Southeast Asia,1.3000000000000007,NA,NA,NA,0,0
KOR,Republic of Korea,2021,East Asia,7,NA,NA,NA,1,0
LAO,Lao People's Democratic Republic,2021,Southeast Asia,1,NA,NA,NA,0,0
LKA,Sri Lanka,2021,South Asia,3.7,NA,NA,NA,0,0
MDV,Maldives,2021,South Asia,2.5,NA,NA,NA,0,1
MMR,Myanmar,2021,Southeast Asia,1.9000000000000004,NA,NA,NA,0,0
MNG,Mongolia,2021,East Asia,6.2,NA,NA,NA,0,0
MYS,Malaysia,2021,Southeast Asia,3.7,NA,NA,NA,1,0
NPL,Nepal,2021,South Asia,3.5999999999999996,NA,NA,NA,0,0
NZL,New Zealand,2021,Oceania,9.5,NA,NA,NA,1,0
PAK,Pakistan,2021,South Asia,2.7,NA,NA,NA,0,0
PHL,Philippines,2021,Southeast Asia,2.5999999999999996,NA,NA,NA,0,0
PNG,Papua New Guinea,2021,Oceania,4,NA,NA,NA,0,1
SGP,Singapore,2021,Southeast Asia,6.3,NA,NA,NA,1,1
SLB,Solomon Islands,2021,Oceania,4.4,NA,NA,NA,0,1
THA,Thailand,2021,Southeast Asia,2.3,NA,NA,NA,1,0
TJK,Tajikistan,2021,Central and West Asia,0.8000000000000007,NA,NA,NA,0,0
TKM,Turkmenistan,2021,Central and West Asia,0.1999999999999993,NA,NA,NA,0,0
TLS,Timor-Leste,2021,Southeast Asia,4.5,NA,NA,NA,0,1
UZB,Uzbekistan,2021,Central and West Asia,0.6999999999999993,NA,NA,NA,0,0
VNM,Viet Nam,2021,Southeast Asia,1.5999999999999996,NA,NA,NA,0,0
WSM,Samoa,2021,Oceania,5.7,NA,NA,NA,0,1
